Date,Confirmed,Recovered,Deceased,Other,Tested,Infected,Delta_C,Delta_D,Delta_R,beta,gamma,delta,r0,R0
2020-01-30,1,0,0,0,0.0,1,1.0,-0.0,-0.0,1.0,-0.0,-0.0,1.0,0.0
2020-02-02,2,0,0,0,0.0,2,1.0,-0.0,-0.0,0.5,-0.0,-0.0,0.5,0.0
2020-02-03,3,0,0,0,0.0,3,-0.0,-0.0,3.0,-0.0,1.0,-0.0,-1.0,-0.0
2020-02-14,3,3,0,0,0.0,0,2.0,-0.0,-0.0,0.0,0.0,0.0,0.0,0.0
2020-03-02,5,3,0,0,0.0,2,1.0,-0.0,-0.0,0.5,-0.0,-0.0,0.5,0.0
2020-03-03,6,3,0,0,0.0,3,22.0,-0.0,-0.0,7.333333333333333,-0.0,-0.0,7.333333333333333,0.0
2020-03-04,28,3,0,0,0.0,25,2.0,-0.0,-0.0,0.08,-0.0,-0.0,0.08,0.0
2020-03-05,30,3,0,0,0.0,27,1.0,-0.0,-0.0,0.037037037037037035,-0.0,-0.0,0.037037037037037035,0.0
2020-03-06,31,3,0,0,0.0,28,3.0,-0.0,-0.0,0.10714285714285714,-0.0,-0.0,0.10714285714285714,0.0
2020-03-07,34,3,0,0,0.0,31,5.0,-0.0,-0.0,0.16129032258064516,-0.0,-0.0,0.16129032258064516,0.0
2020-03-08,39,3,0,0,0.0,36,9.0,-0.0,-0.0,0.25,-0.0,-0.0,0.25,0.0
2020-03-09,48,3,0,0,0.0,45,15.0,-0.0,-0.0,0.3333333333333333,-0.0,-0.0,0.3333333333333333,0.0
2020-03-10,63,3,0,0,0.0,60,8.0,-0.0,-0.0,0.13333333333333333,-0.0,-0.0,0.13333333333333333,0.0
2020-03-11,71,3,0,0,0.0,68,10.0,-0.0,-0.0,0.14705882352941177,-0.0,-0.0,0.14705882352941177,0.0
2020-03-12,81,3,0,0,0.0,78,10.0,1.0,-0.0,0.1282051282051282,-0.0,0.01282051282051282,0.11538461538461538,10.0
2020-03-13,91,3,1,0,6500.0,87,11.0,-0.0,-0.0,0.12643678160919541,-0.0,-0.0,0.12643678160919541,0.0
2020-03-14,102,3,1,3,6500.0,98,10.0,-0.0,-0.0,0.10204081632653061,-0.0,-0.0,0.10204081632653061,0.0
2020-03-15,112,3,1,3,6500.0,108,14.0,-0.0,-0.0,0.12962962962962962,-0.0,-0.0,0.12962962962962962,0.0
2020-03-16,126,3,1,3,6500.0,122,20.0,-0.0,-0.0,0.16393442622950818,-0.0,-0.0,0.16393442622950818,0.0
2020-03-17,146,3,1,3,6500.0,142,25.0,-0.0,-0.0,0.176056338028169,-0.0,-0.0,0.176056338028169,0.0
2020-03-18,171,3,1,3,13125.0,167,27.0,-0.0,-0.0,0.16167664670658682,-0.0,-0.0,0.16167664670658682,0.0
2020-03-19,198,3,1,3,14175.0,194,58.0,-0.0,1.0,0.29896907216494845,0.005154639175257732,-0.0,0.29381443298969073,58.0
2020-03-20,256,4,1,3,15404.0,251,78.0,-0.0,-0.0,0.3107569721115538,-0.0,-0.0,0.3107569721115538,0.0
2020-03-21,334,4,1,3,16911.0,329,69.0,-0.0,-0.0,0.20972644376899696,-0.0,-0.0,0.20972644376899696,0.0
2020-03-22,403,4,1,3,18127.0,398,94.0,-0.0,-0.0,0.23618090452261306,-0.0,-0.0,0.23618090452261306,0.0
2020-03-23,497,4,1,3,20707.0,492,74.0,-0.0,2.0,0.15040650406504066,0.0040650406504065045,-0.0,0.14634146341463417,37.0
2020-03-24,571,6,1,3,22694.0,564,86.0,-0.0,-0.0,0.1524822695035461,-0.0,-0.0,0.1524822695035461,0.0
2020-03-25,657,6,1,3,25144.0,650,73.0,1.0,-0.0,0.1123076923076923,-0.0,0.0015384615384615385,0.11076923076923076,73.0
2020-03-26,730,6,2,3,27688.0,722,153.0,1.0,2.0,0.21191135734072022,0.002770083102493075,0.0013850415512465374,0.20775623268698062,51.0
2020-03-27,883,8,3,3,27688.0,872,136.0,-0.0,-0.0,0.1559633027522936,-0.0,-0.0,0.1559633027522936,0.0
2020-03-28,1019,8,3,3,27688.0,1008,120.0,25.0,91.0,0.11904761904761904,0.09027777777777778,0.0248015873015873,0.003968253968253968,1.0344827586206897
2020-03-29,1139,99,28,3,27688.0,1012,187.0,13.0,42.0,0.18478260869565216,0.041501976284584984,0.012845849802371542,0.13043478260869562,3.3999999999999995
2020-03-30,1326,141,41,3,38442.0,1144,309.0,6.0,19.0,0.2701048951048951,0.016608391608391608,0.005244755244755245,0.24825174825174826,12.360000000000001
2020-03-31,1635,160,47,3,42788.0,1428,424.0,11.0,9.0,0.2969187675070028,0.0063025210084033615,0.007703081232492998,0.28291316526610644,21.2
2020-04-01,2059,169,58,3,47951.0,1832,486.0,11.0,22.0,0.2652838427947598,0.012008733624454149,0.006004366812227074,0.24727074235807858,14.727272727272727
2020-04-02,2545,191,69,3,55851.0,2285,560.0,14.0,39.0,0.24507658643326038,0.017067833698030634,0.00612691466083151,0.22188183807439824,10.566037735849058
2020-04-03,3105,230,83,3,69245.0,2792,579.0,13.0,56.0,0.207378223495702,0.02005730659025788,0.004656160458452722,0.1826647564469914,8.391304347826086
2020-04-04,3684,286,96,3,79950.0,3302,609.0,22.0,43.0,0.1844336765596608,0.013022410660205935,0.006662628709872804,0.16474863718958208,9.36923076923077
2020-04-05,4293,329,118,3,89534.0,3846,484.0,16.0,65.0,0.12584503380135206,0.01690067602704108,0.004160166406656267,0.10478419136765471,5.9753086419753085
2020-04-06,4777,394,134,3,101068.0,4249,573.0,27.0,75.0,0.13485526006119086,0.017651212049894092,0.0063544363379618735,0.1108496116733349,5.617647058823529
2020-04-07,5350,469,161,3,114015.0,4720,565.0,20.0,96.0,0.11970338983050847,0.020338983050847456,0.00423728813559322,0.0951271186440678,4.870689655172415
2020-04-08,5915,565,181,3,127919.0,5169,813.0,46.0,70.0,0.15728380731282646,0.013542271232346682,0.00889920680982782,0.13484232927065196,7.008620689655173
2020-04-09,6728,635,227,3,144910.0,5866,871.0,22.0,151.0,0.14848278213433344,0.025741561541084215,0.0037504261847937266,0.1189907944084555,5.034682080924855
2020-04-10,7599,786,249,3,161330.0,6564,854.0,41.0,186.0,0.13010359536867763,0.0283363802559415,0.006246191346739793,0.09552102376599633,3.762114537444934
2020-04-11,8453,972,290,3,179374.0,7191,758.0,42.0,114.0,0.10540953970240578,0.015853149770546516,0.005840634125990822,0.08371575580586844,4.858974358974359
2020-04-12,9211,1086,332,3,195748.0,7793,1243.0,27.0,112.0,0.15950211728474273,0.014371872192993712,0.003464647760810984,0.14166559733093803,8.942446043165468
2020-04-13,10454,1198,359,3,217554.0,8897,1031.0,37.0,167.0,0.11588175789591998,0.01877037203551759,0.004158705181521861,0.09295268067888053,5.053921568627452
2020-04-14,11485,1365,396,3,244893.0,9724,886.0,27.0,144.0,0.09111476758535582,0.014808720691073632,0.0027766351295763062,0.07352941176470588,5.181286549707602
2020-04-15,12371,1509,423,3,274599.0,10439,1061.0,26.0,258.0,0.1016380879394578,0.024715011016380878,0.0024906600249066002,0.07443241689817033,3.735915492957747
2020-04-16,13432,1767,449,3,302956.0,11216,922.0,38.0,273.0,0.0822039942938659,0.024340228245363766,0.0033880171184022824,0.05447574893009986,2.964630225080386
2020-04-17,14354,2040,487,3,335123.0,11827,1371.0,35.0,426.0,0.11592119726050562,0.03601927792339562,0.002959330345818889,0.07694258899129111,2.9739696312364425
2020-04-18,15725,2466,522,3,372123.0,12737,1580.0,38.0,388.0,0.12404804899112822,0.030462432283897306,0.0029834340896600455,0.09060218261757086,3.708920187793428
2020-04-19,17305,2854,560,3,401586.0,13891,1239.0,33.0,419.0,0.0891944424447484,0.030163415160895542,0.0023756389028867612,0.0566553883809661,2.7411504424778763
2020-04-20,18544,3273,593,3,401586.0,14678,1537.0,53.0,703.0,0.10471453876549938,0.04789480855702412,0.003610846164327565,0.0532088840441477,2.033068783068783
2020-04-21,20081,3976,646,3,462621.0,15459,1292.0,36.0,394.0,0.08357591047286371,0.025486771459990943,0.0023287405394915583,0.05576039847338121,3.0046511627906978
2020-04-22,21373,4370,682,3,500542.0,16321,1667.0,40.0,642.0,0.10213834936584767,0.03933582501072238,0.002450830218736597,0.060351694136388696,2.4442815249266863
2020-04-23,23040,5012,722,3,541789.0,17306,1408.0,59.0,484.0,0.08135906621980817,0.027967179013059056,0.0034092222350629838,0.049982664971686123,2.593001841620626
2020-04-24,24448,5496,781,3,579957.0,18171,1835.0,44.0,442.0,0.10098508612624511,0.024324473061471577,0.0024214407572505643,0.07423917230752297,3.7757201646090532
2020-04-25,26283,5938,825,3,625309.0,19520,1607.0,56.0,585.0,0.08232581967213115,0.029969262295081966,0.0028688524590163933,0.04948770491803279,2.5070202808112323
2020-04-26,27890,6523,881,3,665819.0,20486,1568.0,58.0,580.0,0.07654007614956555,0.02831201796348726,0.002831201796348726,0.04539685638972957,2.457680250783699
2020-04-27,29458,7103,939,4,716733.0,21416,1902.0,69.0,636.0,0.08881210310048562,0.029697422487859546,0.0032218901755696676,0.05589279043705641,2.697872340425532
2020-04-28,31360,7739,1008,4,770764.0,22613,1705.0,71.0,690.0,0.07539910670853049,0.030513421483217618,0.0031397868482731174,0.04174589837703976,2.240473061760841
2020-04-29,33065,8429,1079,4,830201.0,23557,1802.0,75.0,630.0,0.07649530924990448,0.02674364307849047,0.0031837670331536275,0.046567899138260385,2.556028368794326
2020-04-30,34867,9059,1154,4,902654.0,24654,2396.0,77.0,962.0,0.09718504096698305,0.0390200373164598,0.0031232254400908573,0.055041778210432386,2.306063522617902
2020-05-01,37263,10021,1231,4,976363.0,26011,2564.0,92.0,831.0,0.098573680365999,0.03194802199069625,0.0035369651301372495,0.0630886932451655,2.777898158179848
2020-05-02,39827,10852,1323,4,1046450.0,27652,2952.0,140.0,911.0,0.10675538839866917,0.03294517575582236,0.005062924924056126,0.06874728771879068,2.8087535680304474
2020-05-03,42779,11763,1463,4,1107233.0,29553,3656.0,103.0,1082.0,0.12370994484485501,0.03661218827191825,0.0034852637634081142,0.08361249280952865,3.0852320675105482
2020-05-04,46435,12845,1566,4,1191946.0,32024,2971.0,128.0,1295.0,0.09277416937297027,0.040438421184111915,0.003997002248313765,0.04833874594054459,2.0878425860857344
2020-05-05,49406,14140,1694,4,1276781.0,33572,3602.0,91.0,1161.0,0.1072917907780293,0.03458239008697724,0.0027105921601334446,0.06999880853091861,2.876996805111821
2020-05-06,53008,15301,1785,4,1357413.0,35922,3344.0,104.0,1475.0,0.09309058515672847,0.04106118812983687,0.002895161739324091,0.04913423528756751,2.117796073464218
2020-05-07,56352,16776,1889,4,1437788.0,37687,3339.0,97.0,1111.0,0.08859819035741767,0.029479661421710403,0.0025738318252978482,0.05654469711040942,2.7640728476821192
2020-05-08,59691,17887,1986,4,1523213.0,39818,3175.0,116.0,1414.0,0.07973780702194987,0.035511577678436886,0.00291325531166809,0.04131297403184489,2.07516339869281
2020-05-09,62866,19301,2102,4,1609037.0,41463,4311.0,112.0,1669.0,0.10397221619275017,0.04025275546873116,0.0027012034826230614,0.06101825724139595,2.420550252667041
2020-05-10,67177,20970,2214,4,1673688.0,43993,3592.0,81.0,1579.0,0.0816493533062078,0.03589207373900393,0.001841202009410588,0.04391607755779328,2.1638554216867467
2020-05-11,70769,22549,2295,4,1759579.0,45925,3562.0,120.0,1905.0,0.07756124115405552,0.04148067501360914,0.00261295590636908,0.0334676102340773,1.7590123456790125
2020-05-12,74331,24454,2415,4,1854250.0,47462,3726.0,137.0,1963.0,0.0785049091905103,0.041359403312123386,0.002886519742109477,0.03425898613627744,1.7742857142857142
2020-05-13,78057,26417,2552,4,1947041.0,49088,3991.0,97.0,1594.0,0.08130296610169492,0.032472294654498045,0.0019760430247718385,0.046854628422425035,2.3601419278533413
2020-05-14,82048,28011,2649,4,2039952.0,51388,3808.0,104.0,2234.0,0.07410290340157236,0.04347318440102748,0.002023818790379077,0.028605900210165798,1.6287425149700598
2020-05-15,85856,30245,2753,4,2134277.0,52858,4794.0,120.0,4012.0,0.09069582655416399,0.07590147186802376,0.002270233455673692,0.012524121230466534,1.1602129719264278
2020-05-16,90650,34257,2873,4,2227642.0,53520,5049.0,152.0,2538.0,0.09433856502242152,0.04742152466367713,0.0028400597907324364,0.04407698056801196,1.8769516728624536
2020-05-17,95699,36795,3025,4,2302792.0,55879,4628.0,131.0,2482.0,0.082821811413948,0.044417401886218434,0.0023443511873870327,0.03606005834034253,1.7711442786069653
2020-05-18,100327,39277,3156,4,2404267.0,57894,6154.0,146.0,3032.0,0.10629771651639203,0.0523715756382354,0.0025218502780944485,0.05140429060006218,1.936438011327879
2020-05-19,106481,42309,3302,4,2512388.0,60870,5720.0,134.0,3113.0,0.0939707573517332,0.05114177755873172,0.0022014128470510927,0.040627566945950384,1.7616261164151523
2020-05-20,112201,45422,3436,7,2615920.0,63343,6023.0,148.0,3131.0,0.09508548695199154,0.049429297633519095,0.0023364854837945787,0.04331970383467786,1.8368405001524855
2020-05-21,118224,48553,3584,7,2719434.0,66087,6536.0,142.0,3280.0,0.09889993493425334,0.049631546295035335,0.0021486827969192128,0.04711970584229879,1.9099941554646407
2020-05-22,124760,51833,3726,7,2834798.0,69201,6665.0,142.0,2576.0,0.09631363708616927,0.037224895593994306,0.002051993468302481,0.057036748023872486,2.452170713760118
2020-05-23,131425,54409,3868,8,2943421.0,73148,7111.0,156.0,3285.0,0.09721386777492208,0.04490895171433259,0.0021326625471646526,0.05017225351342484,2.066550421389131
2020-05-24,138536,57694,4024,9,3033591.0,76818,6414.0,149.0,3012.0,0.08349605561196595,0.03920956025931422,0.001939649561300737,0.04234684579135099,2.0291047136981972
2020-05-25,144950,60706,4173,12,3126119.0,80071,5907.0,173.0,3585.0,0.0737720273257484,0.04477276417179753,0.0021605824830462964,0.02683868067090458,1.5718467269824377
2020-05-26,150857,64291,4346,12,3242160.0,82220,7246.0,188.0,3434.0,0.08812940890294332,0.041765993675504744,0.002286548285088786,0.044076866942349795,2.000552181115406
2020-05-27,158103,67725,4534,12,3362136.0,85844,7254.0,176.0,3171.0,0.08450212012487769,0.036939098830436605,0.0020502306509482316,0.045512790643492854,2.1673140125485513
2020-05-28,165357,70896,4710,12,3483838.0,89751,8138.0,268.0,11735.0,0.0906730844224577,0.13075063230493253,0.0029860391527671,-0.043063587035241935,0.6779971673748231
2020-05-29,173495,82631,4978,13,3611599.0,85886,8364.0,205.0,4303.0,0.09738490557250308,0.05010129706820669,0.0023868849405025267,0.04489672356379386,1.8553682342502216
2020-05-30,181859,86934,5183,13,3737027.0,89742,8789.0,222.0,4928.0,0.09793630630028304,0.05491297274408861,0.0024737581065721738,0.040549575449622254,1.7066019417475728
2020-05-31,190648,91862,5405,13,3837207.0,93381,7723.0,201.0,3882.0,0.08270419035992332,0.041571625919619624,0.00215247213030488,0.03898009230999882,1.8915013470487385
2020-06-01,198371,95744,5606,13,3966075.0,97021,8812.0,222.0,4531.0,0.09082569752940085,0.04670122963069851,0.002288164418012595,0.04183630348068975,1.8539869556069852
2020-06-02,207183,100275,5828,13,4103233.0,101080,9689.0,259.0,3789.0,0.09585476850019786,0.037485160269093785,0.002562326869806094,0.055807281361297985,2.39352766798419
2020-06-03,216872,104064,6087,13,4242718.0,106721,9847.0,274.0,4390.0,0.09226862566879995,0.04113529670823924,0.002567442209124727,0.048565886751435985,2.1112778730703257
2020-06-04,226719,108454,6361,14,4386379.0,111904,9472.0,286.0,4770.0,0.08464398055476123,0.04262582213325708,0.0025557620817843866,0.03946239633971976,1.8734177215189873
2020-06-05,236191,113224,6647,14,4524317.0,116320,10408.0,297.0,5433.0,0.08947730398899588,0.04670735900962861,0.0025533012379642364,0.04021664374140303,1.8164048865619549
2020-06-06,246599,118657,6944,16,4666386.0,120998,10882.0,261.0,5191.0,0.08993537083257575,0.04290153556257128,0.00215706044728012,0.04487677482272435,1.9959647835656642
2020-06-07,257481,123848,7205,16,4774434.0,126428,8536.0,271.0,5171.0,0.06751668934096877,0.040900749833897555,0.0021435125130509066,0.02447242699402031,1.5685409775817714
2020-06-08,266017,129019,7476,18,4916116.0,129522,9981.0,272.0,5634.0,0.07706026775374068,0.04349840181590772,0.0021000293386451725,0.03146183659918779,1.6899762952929227
2020-06-09,275998,134653,7748,18,5061332.0,133597,11156.0,358.0,6275.0,0.08350486912131261,0.04696961758123311,0.0026797008914870844,0.033855550648592414,1.6818935624905775
2020-06-10,287154,140928,8106,18,5213140.0,138120,11135.0,394.0,6044.0,0.08061830292499277,0.043759050101361135,0.002852591949029829,0.0340066608746018,1.7295744019881951
2020-06-11,298289,146972,8500,25,5363445.0,142817,11306.0,388.0,7263.0,0.07916424515288796,0.05085529033658458,0.0027167634105183555,0.02559219140578503,1.4777153313292382
2020-06-12,309595,154235,8888,25,5507182.0,146472,12039.0,309.0,8091.0,0.0821931836801573,0.055239226609864,0.002109618220547272,0.024844338849746017,1.4332142857142856
2020-06-13,321634,162326,9197,39,5658614.0,150111,11404.0,324.0,7358.0,0.07597044853475095,0.04901706070840911,0.0021584027819413635,0.024794985044400475,1.4845092423847956
2020-06-14,333038,169684,9521,41,5774133.0,153833,10032.0,396.0,10639.0,0.06521357576072755,0.0691594131298226,0.0025742200958181922,-0.0065200574649132426,0.9091073855913006
2020-06-15,343070,180323,9917,44,5921069.0,152830,11085.0,2004.0,7226.0,0.0725315710266309,0.047281292939867825,0.013112608780998495,0.012137669305764577,1.2009750812567714
2020-06-16,354155,187549,11921,45,6084256.0,154685,13108.0,341.0,6890.0,0.08473995539321848,0.044542134014287096,0.0022044800724052107,0.03799334130652617,1.8127506568939291
2020-06-17,367263,194439,12262,45,6249668.0,160562,13829.0,343.0,10741.0,0.08612872286095091,0.0668962768276429,0.002136246434399173,0.01709619959890883,1.2476542764345002
2020-06-18,381092,205180,12605,46,6426627.0,163307,14740.0,364.0,9029.0,0.09025944999295805,0.05528850569785741,0.0022289307868003207,0.03274201350830032,1.5692536995635047
2020-06-19,395832,214209,12969,50,6616496.0,168654,15918.0,308.0,13974.0,0.09438258209114518,0.08285602476075278,0.0018262241037864503,0.009700333226605948,1.1145497829435653
2020-06-20,411750,228183,13277,51,6807226.0,170290,15151.0,426.0,9075.0,0.08897175406659229,0.053291444007281696,0.002501614892242645,0.033178695167067944,1.5946742448163351
2020-06-21,426901,237258,13703,51,6950493.0,175940,13560.0,312.0,10879.0,0.07707172899852223,0.06183357962941912,0.001773331817665113,0.013464817551437996,1.2116879635421323
2020-06-22,440461,248137,14015,51,7137716.0,178309,15656.0,468.0,10462.0,0.08780263475203158,0.05867342646753669,0.0026246571962155584,0.02650455108827933,1.432387923147301
2020-06-23,456117,258599,14483,55,7352911.0,183035,16868.0,424.0,13089.0,0.09215723768678122,0.07151091321331986,0.002316496844865736,0.018329827628595627,1.2482794346185155
2020-06-24,472985,271688,14907,55,7560782.0,186390,18205.0,401.0,13983.0,0.09767154890283813,0.0750201191051022,0.0021514029722624604,0.020500026825473472,1.265642380422692
2020-06-25,491190,285671,15308,55,7776228.0,190211,18255.0,381.0,10246.0,0.09597236752869182,0.05386649562853883,0.002003038730672779,0.040102833169480205,1.7177942975439917
2020-06-26,509445,295917,15689,56,7996707.0,197839,20142.0,414.0,14229.0,0.10181005767315848,0.07192211849028755,0.002092610658161434,0.027795328524709492,1.3755377996312232
2020-06-27,529587,310146,16103,56,8227802.0,203338,19610.0,384.0,11631.0,0.09644040956437065,0.05720032654988246,0.001888481247971358,0.037351601766516834,1.6321265085310028
2020-06-28,549197,321777,16487,56,8398362.0,210933,18339.0,417.0,13497.0,0.08694229921349433,0.06398714283682497,0.001976931063418242,0.020978225313251123,1.3180250107805087
2020-06-29,567536,335274,16904,60,8608654.0,215358,18256.0,506.0,12565.0,0.08477047520872222,0.05834470973913205,0.0023495760547553378,0.02407618941483483,1.39667967255757
2020-06-30,585792,347839,17410,66,8826585.0,220543,19429.0,438.0,12064.0,0.08809619892719334,0.05470135075699523,0.0019860072638895818,0.03140884090630852,1.5540713485842266
2020-07-01,605221,359903,17848,66,9056173.0,227470,21947.0,378.0,19999.0,0.0964830527102475,0.08791928605970017,0.0016617575944080538,0.006902009056139274,1.077047651764244
2020-07-02,627168,379902,18226,66,9297749.0,229040,22718.0,444.0,14417.0,0.09918791477471184,0.062945337059029,0.001938526021655606,0.03430405169402724,1.5286992799946166
2020-07-03,649886,394319,18670,66,9540132.0,236897,24018.0,611.0,14746.0,0.10138583434994955,0.06224646154235807,0.0025791799811732525,0.03656019282641823,1.5639773393240868
2020-07-04,673904,409065,19281,66,9789066.0,245558,23942.0,421.0,15829.0,0.09750038687397682,0.06446134925353685,0.0017144625709608321,0.031324575049479136,1.473353846153846
2020-07-05,697846,424894,19702,83,9969662.0,253250,22500.0,473.0,15315.0,0.08884501480750247,0.06047384007897335,0.0018677196446199409,0.02650345508390918,1.425133012414492
2020-07-06,720346,440209,20175,96,10211092.0,259962,23145.0,479.0,16836.0,0.08903224317400235,0.06476331156092044,0.0018425769920219109,0.022426354621060005,1.3367022812590241
2020-07-07,743491,457045,20654,100,10473771.0,265792,25561.0,492.0,19508.0,0.09616918492655911,0.07339573802070792,0.0018510715145677824,0.0209223753912834,1.27805
2020-07-08,769052,476553,21146,101,10740832.0,271353,25790.0,479.0,19408.0,0.09504225123731817,0.07152307142357003,0.0017652283188319274,0.021753951494916213,1.2968270729622366
2020-07-09,794842,495961,21625,102,11024491.0,277256,27749.0,520.0,20289.0,0.10008439853420666,0.07317785728712814,0.001875522982370084,0.025031018264708438,1.3335095391417178
2020-07-10,822591,516250,22145,366,11307002.0,284196,27757.0,541.0,19981.0,0.09766851046460893,0.0703071119931315,0.0019036158144379231,0.025457782657039518,1.3525484845531626
2020-07-11,850348,536231,22686,372,11587153.0,291431,29106.0,497.0,18198.0,0.09987269713928855,0.062443597283748126,0.001705377945379867,0.03572372191016056,1.5568868681465633
2020-07-12,879454,554429,23183,372,11806256.0,301842,28178.0,541.0,17683.0,0.09335347632204928,0.058583629846078414,0.0017923284367318002,0.03297751803923907,1.5462028094820017
2020-07-13,907632,572112,23724,374,12092503.0,311796,29917.0,582.0,20976.0,0.0959505574157462,0.0672747565716045,0.001866605087942116,0.02680919575619957,1.3877446887466371
2020-07-14,937549,593088,24306,381,12412664.0,320155,32607.0,614.0,20646.0,0.10184754259655479,0.06448751386047383,0.0019178210554262778,0.03544220768065469,1.533725305738476
2020-07-15,970156,613734,24920,381,12739490.0,331502,35468.0,680.0,22867.0,0.10699181302073592,0.0689799759880785,0.002051269675597734,0.03596056735705967,1.5062640676094616
2020-07-16,1005624,636601,25600,382,13072718.0,343423,34824.0,676.0,17486.0,0.10140264338730953,0.050916799398991915,0.001968417956863693,0.048517426031453925,1.9174099768747936
2020-07-17,1040448,654087,26276,385,13433742.0,360085,37411.0,543.0,23582.0,0.10389491370093172,0.06549009261702098,0.0015079772831414805,0.03689684380076927,1.550715025906736
2020-07-18,1077859,677669,26819,391,13791869.0,373371,40235.0,675.0,22730.0,0.10776144906808509,0.06087778643761835,0.0018078533147994889,0.04507580931566725,1.7190771202734456
2020-07-19,1118094,700399,27494,394,14047908.0,390201,36806.0,596.0,24303.0,0.09432574493658397,0.06228328476861925,0.0015274179205076357,0.030515042247457075,1.4782119763845936
2020-07-20,1154900,724702,28090,396,14381303.0,402108,39170.0,671.0,27589.0,0.09741164065375471,0.06861092044923255,0.00166870591980264,0.02713201428471952,1.3860580325548477
2020-07-21,1194070,752291,28761,397,14724546.0,413018,45601.0,1130.0,31875.0,0.1104092315589151,0.07717581316068549,0.002735958239108223,0.030497460159121387,1.3816391455840022
2020-07-22,1239671,784166,29891,404,15075369.0,425614,48443.0,755.0,33326.0,0.11381909429671017,0.07830099573792215,0.001773907813182837,0.03374419074560518,1.4214078225404185
2020-07-23,1288114,817492,30646,405,15428170.0,439976,48888.0,763.0,32514.0,0.11111515173554921,0.07389948542647781,0.0017341855010273289,0.03548148080804407,1.469122817561679
2020-07-24,1337002,850006,31409,407,15849068.0,455587,50072.0,703.0,37125.0,0.10990656010816814,0.08148827776033996,0.0015430642226402422,0.02687521812518795,1.3236755842233268
2020-07-25,1387074,887131,32112,407,16291331.0,467831,48932.0,704.0,31512.0,0.10459332536749381,0.06735765693166977,0.0015048169103800304,0.035730851525444016,1.5188726098832879
2020-07-26,1436006,918643,32816,408,16806803.0,484547,46484.0,642.0,34354.0,0.09593290227779762,0.07089921101564967,0.0013249488697690832,0.02370874239237887,1.3282660875528634
2020-07-27,1482490,952997,33458,410,17334885.0,496035,49631.0,774.0,35683.0,0.10005543963631598,0.07193645609684801,0.0015603737639481084,0.026558609775519867,1.3613572153495899
2020-07-28,1532121,988680,34232,411,17743740.0,509209,52479.0,775.0,32886.0,0.10305984379694781,0.06458251916207294,0.0015219683862618297,0.03695535624861304,1.5590445916639435
2020-07-29,1584600,1021566,35007,415,18190382.0,528027,54968.0,784.0,37425.0,0.1041007372729046,0.07087705742319995,0.0014847725589789917,0.03173890729072565,1.4386139391242898
2020-07-30,1639568,1058991,35791,422,18832970.0,544786,57486.0,765.0,36554.0,0.10552033275451278,0.0670979063338632,0.001404221107003484,0.037018205313646094,1.540394973070018
2020-07-31,1697054,1095545,36556,425,19358659.0,564953,55117.0,854.0,51368.0,0.09756032802728723,0.09092437778009853,0.0015116301710053756,0.005124320076183325,1.0554364061123664
2020-08-01,1752171,1146913,37410,431,19821831.0,567848,52672.0,760.0,40355.0,0.09275721671996731,0.07106655302123104,0.0013383863287358588,0.02035227737000042,1.2810896266569378
2020-08-02,1804843,1187268,38170,433,20202858.0,579405,50489.0,806.0,43070.0,0.08713939299798931,0.07433487802141853,0.0013910822309092948,0.011413432745661492,1.150720211505151
2020-08-03,1855332,1230338,38976,437,20864750.0,586018,51282.0,849.0,51220.0,0.08750925739482406,0.0874034585968349,0.0014487609595609692,-0.0013429621615718146,0.9848854404732184
2020-08-04,1906614,1281558,39825,449,21484402.0,585231,56626.0,919.0,45583.0,0.09675837404375366,0.07788890198912908,0.001570320095825409,0.017299151958799178,1.2177110661907016
2020-08-05,1963240,1327141,40744,450,22149351.0,595355,62170.0,899.0,50141.0,0.10442509091214486,0.08422033912539577,0.0015100234313980734,0.01869472835535102,1.2180642633228842
2020-08-06,2025410,1377282,41643,454,22788393.0,606485,61455.0,936.0,50387.0,0.10132979381188323,0.08308037296882857,0.0015433192906667106,0.016706101552387942,1.1974163630341172
2020-08-07,2086865,1427669,42579,456,23387171.0,616617,65156.0,875.0,52135.0,0.10566688884672333,0.08455005295021059,0.0014190332086205862,0.01969780268789216,1.2291265798905866
2020-08-08,2152021,1479804,43454,461,24106535.0,628763,62117.0,1013.0,54474.0,0.09879239077363013,0.08663677729128463,0.001611099889783591,0.010544513592561908,1.1194874475102277
2020-08-09,2214138,1534278,44467,464,24583558.0,635393,53016.0,887.0,47362.0,0.08343812412160663,0.07453969433091016,0.0013959864210024346,0.007502443369694037,1.0987999751290183
2020-08-10,2267154,1581640,45354,467,25281848.0,640160,61252.0,835.0,56461.0,0.0956823294176456,0.08819826293426643,0.0013043614096475882,0.006179705073731584,1.0690449595085174
2020-08-11,2328406,1638101,46189,473,26015297.0,644116,67066.0,950.0,57759.0,0.10412099683907867,0.08967173614690521,0.001474889616156096,0.012974371076017371,1.142346147950059
2020-08-12,2395472,1695860,47139,476,26845688.0,652473,64141.0,1006.0,54776.0,0.09830445091214503,0.08395136656995768,0.0015418262518142514,0.012811258090373104,1.149851206482378
2020-08-13,2459613,1750636,48145,488,27694416.0,660832,65610.0,989.0,56920.0,0.09928393298145369,0.08613384339741417,0.0014965982276887318,0.011653491356350784,1.1329845101797649
2020-08-14,2525223,1807556,49134,492,28563095.0,668533,63986.0,952.0,53116.0,0.09571105689621903,0.07945157531490592,0.0014240134742787567,0.014835468107034358,1.1834356735962122
2020-08-15,2589209,1860672,50086,496,29309703.0,678451,58096.0,952.0,57404.0,0.08563035502932415,0.084610384537719,0.0014031963988556284,-0.000383225907250484,0.9955445883885119
2020-08-16,2647305,1918076,51038,514,30041400.0,678191,54298.0,880.0,58172.0,0.08006299110427594,0.08577524620645216,0.0012975695637364696,-0.007009824665912698,0.9194946826525774
2020-08-17,2701603,1976248,51918,516,30941264.0,673437,65024.0,1099.0,60455.0,0.09655543131725759,0.08977083231245091,0.0016319269656998353,0.005152672039106854,1.0563732657503981
2020-08-18,2766627,2036703,53017,526,31742782.0,676907,69196.0,979.0,59365.0,0.10222379145141061,0.08770037833853099,0.0014462843492532948,0.013077128763626322,1.1466922974943656
2020-08-19,2835823,2096068,53996,531,32661252.0,685759,68518.0,981.0,61873.0,0.09991556800566963,0.09022557487397176,0.0014305317174109272,0.008259461414286948,1.0901135965889204
2020-08-20,2904341,2157941,54977,531,33467237.0,691423,69029.0,953.0,62858.0,0.09983613504323692,0.09091106312633511,0.001378316891396439,0.007546755025505378,1.081772735108367
2020-08-21,2973370,2220799,55930,545,34491073.0,696641,70067.0,918.0,59101.0,0.10057834666636044,0.0848370968691191,0.0013177518980364347,0.014423497899204912,1.1674136523434249
2020-08-22,3043437,2279900,56848,553,35292220.0,706689,61749.0,846.0,56896.0,0.08737789890602514,0.08051066310640183,0.0011971319774327887,0.00567010382219052,1.069394894530844
2020-08-23,3105186,2336796,57694,555,35902137.0,710696,59696.0,854.0,66305.0,0.08399653297612482,0.09329586771277733,0.0012016389567409975,-0.010500973693393506,0.8888756533003769
2020-08-24,3164882,2403101,58548,566,36827520.0,703233,66873.0,1066.0,64151.0,0.09509366028044759,0.0912229659302109,0.0015158560533990867,0.002354838296837608,1.0253921523529141
2020-08-25,3231755,2467252,59614,569,37651512.0,704889,75995.0,1017.0,56191.0,0.10781130078636494,0.07971609714437308,0.0014427803526512685,0.026652423289340588,1.3283981261362048
2020-08-26,3307750,2523443,60631,574,38576510.0,723676,76827.0,1066.0,59620.0,0.10616214991239173,0.08238493469453181,0.0014730348940686163,0.022304180323791292,1.2659756780806115
2020-08-27,3384577,2583063,61697,571,39477848.0,739817,76657.0,1019.0,64475.0,0.1036161645379871,0.0871499303206063,0.0013773676463233475,0.015088866571057444,1.1704430940238801
2020-08-28,3461234,2647538,62716,581,40406609.0,750980,78479.0,943.0,64982.0,0.10450211723348159,0.08652960132094063,0.0012556925617193534,0.0167168233508216,1.190428517254456
2020-08-29,3539713,2712520,63659,588,41461636.0,763534,79461.0,960.0,60422.0,0.10407002176720355,0.07913465543119233,0.0012573113967419918,0.023678054939269222,1.294532599133296
2020-08-30,3619174,2772942,64619,586,42307914.0,781613,68766.0,816.0,64435.0,0.0879796011581179,0.08243849577732203,0.001043994918201207,0.0044971104625946695,1.0538689062236595
2020-08-31,3687940,2837377,65435,589,43324834.0,785128,78168.0,1027.0,62147.0,0.09956083594012696,0.07915524602357832,0.0013080669648770646,0.01909752295167158,1.2373444771583246
2020-09-01,3766108,2899524,66462,592,44337201.0,800122,82865.0,1026.0,67876.0,0.10356545626791915,0.08483206311037567,0.0012823044485715928,0.017451088708971885,1.2026501407796581
2020-09-02,3848973,2967400,67488,597,45509380.0,814085,84159.0,1083.0,67510.0,0.10337863982262295,0.08292745843493002,0.0013303279141612977,0.019120853473531638,1.2269327773971106
2020-09-03,3933132,3034910,68571,604,46679145.0,829651,87107.0,1066.0,69604.0,0.1049923401526666,0.0838955175127855,0.0012848776172149493,0.019811945022666158,1.2325880854676665
2020-09-04,4020239,3104514,69637,615,47738491.0,846088,90606.0,1044.0,73165.0,0.10708815158706896,0.08647445655771031,0.0012339142027779615,0.019379780826580678,1.220957026775728
2020-09-05,4110845,3177679,70681,620,48831145.0,862485,91725.0,1005.0,69630.0,0.10634967564653298,0.08073183881458808,0.0011652376563070662,0.024452599175637843,1.2985771926098961
2020-09-06,4202570,3247309,71686,623,49551507.0,883575,75015.0,1129.0,74116.0,0.08489941431117902,0.08388195682313329,0.001277763630704807,-0.0002603061426590808,0.9969433184929232
2020-09-07,4277585,3321425,72815,596,50650128.0,883345,89855.0,1107.0,74608.0,0.10172129802059218,0.08446077127283225,0.0012531909955906242,0.01600733575216931,1.1867529551608003
2020-09-08,4367440,3396033,73922,601,51804677.0,897485,95536.0,1168.0,73062.0,0.10644857574221296,0.08140748870454659,0.0013014145083204733,0.023739672529345904,1.2870268085679646
2020-09-09,4462976,3469095,75090,601,52934433.0,918791,96762.0,1213.0,70904.0,0.1053144839250711,0.07717097794819497,0.0013202131932071603,0.026823292783668976,1.3417363451058697
2020-09-10,4559738,3539999,76303,636,54097975.0,943436,97655.0,1202.0,81456.0,0.10350993602109736,0.08633971991740828,0.001274066285365409,0.01589614981832367,1.1814343439231534
2020-09-11,4657393,3621455,77505,641,55189226.0,958433,94414.0,1111.0,77862.0,0.09850871161573109,0.08123885550685338,0.0011591837927116449,0.016110672316166072,1.1955225203550581
2020-09-12,4751807,3699317,78616,661,56260928.0,973874,93220.0,1140.0,77748.0,0.095720801664281,0.07983373619174554,0.0011705826421077059,0.014716482830427757,1.1816752864821012
2020-09-13,4845027,3777065,79756,671,57239428.0,988206,81913.0,1054.0,79213.0,0.08289061187647111,0.08015838802840704,0.0010665792355035286,0.0016656446125605379,1.0205065593581422
2020-09-14,4926940,3856278,80810,686,58312273.0,989852,91097.0,1281.0,82849.0,0.09203092987638556,0.08369837106961445,0.0012941328602659793,0.007038425946505139,1.082812314275526
2020-09-15,5018037,3939127,82091,717,59429115.0,996819,97860.0,1140.0,82924.0,0.09817228604189929,0.08318862300979415,0.001143637912198704,0.013840025119906424,1.1641130567186906
2020-09-16,5115897,4022051,83231,732,60565728.0,1010615,96787.0,1175.0,87788.0,0.0957703972333678,0.08686591827748451,0.0011626583812826843,0.007741820574600614,1.087946674460169
2020-09-17,5212684,4109839,84406,736,61572343.0,1018439,92973.0,1221.0,95515.0,0.09128970905473965,0.09378568574062855,0.0011988936008931316,-0.0036948702867820316,0.9611003142573602
2020-09-18,5305657,4205354,85627,745,62454254.0,1014676,92574.0,1149.0,94389.0,0.09123503463174452,0.09302378296126054,0.0011323811738919616,-0.0029211295034079765,0.9689756955347612
2020-09-19,5398231,4299743,86776,758,63661060.0,1011712,87395.0,1135.0,92926.0,0.08638327903593117,0.09185024987348178,0.001121860766700405,-0.006588831604251014,0.9291310957782716
2020-09-20,5485626,4392669,87911,782,64392594.0,1005046,74493.0,1056.0,102075.0,0.07411899554846246,0.1015625155465521,0.0010506981769988638,-0.0284942181750885,0.7223143380748757
2020-09-21,5560119,4494744,88967,797,65325779.0,976408,83362.0,1085.0,89657.0,0.08537619519708974,0.09182329517988382,0.0011112158032297974,-0.007558315786023881,0.91867051640916
2020-09-22,5643481,4584401,90052,807,66279462.0,969028,86703.0,1123.0,87459.0,0.08947419476011013,0.09025435797520814,0.0011588932414749625,-0.0019390564565729684,0.9787880156239418
2020-09-23,5730184,4671860,91175,818,67436031.0,967149,85921.0,1144.0,81142.0,0.08883946527370654,0.0838981377223158,0.0011828580704731121,0.0037584694809176256,1.0441751938361326
2020-09-24,5816105,4753002,92319,823,68928440.0,970784,85717.0,1093.0,93331.0,0.08829667567656657,0.09613982101064707,0.0011258941226884663,-0.008969039456768968,0.9077882741675845
2020-09-25,5901822,4846333,93412,832,70269975.0,962077,88759.0,1124.0,92365.0,0.09225768831392914,0.09600582905526273,0.0011683056553685412,-0.004916446396702134,0.9494058124485234
2020-09-26,5990581,4938698,94536,847,71257836.0,957347,82770.0,1040.0,74691.0,0.08645767939942361,0.07801873301947987,0.0010863354666594243,0.007352610913284319,1.0929474059500073
2020-09-27,6073351,5013389,95576,857,71967230.0,964386,69668.0,775.0,85194.0,0.07224078325483779,0.08834014595815369,0.0008036201272104738,-0.016902982830526367,0.8103851388291128
2020-09-28,6143019,5098583,96351,863,73110041.0,948085,80500.0,1178.0,86150.0,0.08490799875538586,0.09086738003449057,0.0012425046277496216,-0.007201885906854333,0.9218120190545989
2020-09-29,6223519,5184733,97529,883,74196729.0,941257,86748.0,1179.0,85274.0,0.09216186440047723,0.09059587339058302,0.0012525803260958483,0.00031341068379836523,1.0034122586839092
2020-09-30,6310267,5270007,98708,909,75619781.0,941552,81693.0,1096.0,78646.0,0.08676419358675888,0.08352804730912367,0.0011640355498156235,0.0020721107278195983,1.0244664041533946
2020-10-01,6391960,5348653,99804,918,76717728.0,943503,34829.0,344.0,34326.0,0.03691456200987172,0.03638144234835501,0.00036459873471520496,0.000168520926801502,1.0045860974906258
2020-10-02,6426789,5382979,100148,918,76717728.0,943662,0.0,0.0,0.0,0.0,0.0,0.0,0.0,0.0
